<?xml version="1.0" encoding="UTF-8"?>
<project version="4">
  <component name="AutoImportSettings">
    <option name="autoReloadType" value="SELECTIVE" />
  </component>
  <component name="ChangeListManager">
    <list default="true" id="5fffa616-4172-4a65-904b-d7959ea24611" name="変更" comment="">
      <change afterPath="$PROJECT_DIR$/.gitignore" afterDir="false" />
      <change afterPath="$PROJECT_DIR$/.idea/misc.xml" afterDir="false" />
      <change afterPath="$PROJECT_DIR$/.idea/vcs.xml" afterDir="false" />
      <change afterPath="$PROJECT_DIR$/.idea/workspace.xml" afterDir="false" />
      <change afterPath="$PROJECT_DIR$/pom.xml" afterDir="false" />
      <change afterPath="$PROJECT_DIR$/src/main/java/org/example/Main.java" afterDir="false" />
      <change afterPath="$PROJECT_DIR$/src/main/java/org/example/Shape.java" afterDir="false" />
    </list>
    <option name="SHOW_DIALOG" value="false" />
    <option name="HIGHLIGHT_CONFLICTS" value="true" />
    <option name="HIGHLIGHT_NON_ACTIVE_CHANGELIST" value="false" />
    <option name="LAST_RESOLUTION" value="IGNORE" />
  </component>
  <component name="Git.Settings">
    <option name="RECENT_GIT_ROOT_PATH" value="$PROJECT_DIR$" />
  </component>
  <component name="MarkdownSettingsMigration">
    <option name="stateVersion" value="1" />
  </component>
  <component name="ProjectId" id="2i242uO3ZwZAqgIFd6oDdPYJ9ki" />
  <component name="ProjectLevelVcsManager" settingsEditedManually="true" />
  <component name="ProjectViewState">
    <option name="hideEmptyMiddlePackages" value="true" />
    <option name="showLibraryContents" value="true" />
  </component>
  <component name="PropertiesComponent"><![CDATA[{
  "keyToString": {
    "RunOnceActivity.OpenProjectViewOnStart": "true",
    "RunOnceActivity.ShowReadmeOnStart": "true",
    "last_opened_file_path": "/Users/nakamura/Documents/Java応用2024/2024Program/Interface解答"
  }
}]]></component>
  <component name="RecentsManager">
    <key name="CopyFile.RECENT_KEYS">
      <recent name="$PROJECT_DIR$/src/main/java/org/example" />
    </key>
    <key name="CopyClassDialog.RECENTS_KEY">
      <recent name="org.example" />
    </key>
  </component>
  <component name="RunManager">
    <configuration name="Main" type="Application" factoryName="Application" temporary="true" nameIsGenerated="true">
      <option name="MAIN_CLASS_NAME" value="org.example.Main" />
      <module name="Interface解答" />
      <extension name="coverage">
        <pattern>
          <option name="PATTERN" value="org.example.*" />
          <option name="ENABLED" value="true" />
        </pattern>
      </extension>
      <method v="2">
        <option name="Make" enabled="true" />
      </method>
    </configuration>
    <recent_temporary>
      <list>
        <item itemvalue="アプリケーション.Main" />
      </list>
    </recent_temporary>
  </component>
  <component name="SpellCheckerSettings" RuntimeDictionaries="0" Folders="0" CustomDictionaries="0" DefaultDictionary="アプリケーションレベル" UseSingleDictionary="true" transferred="true" />
  <component name="TaskManager">
    <task active="true" id="Default" summary="デフォルトタスク">
      <changelist id="5fffa616-4172-4a65-904b-d7959ea24611" name="変更" comment="" />
      <created>1718675136310</created>
      <option name="number" value="Default" />
      <option name="presentableId" value="Default" />
      <updated>1718675136310</updated>
    </task>
    <servers />
  </component>
  <component name="Vcs.Log.Tabs.Properties">
    <option name="TAB_STATES">
      <map>
        <entry key="MAIN">
          <value>
            <State />
          </value>
        </entry>
      </map>
    </option>
  </component>
</project>